Program Type,Start Year,Region,Highway,Location,Type Of Work,Highway Program Status,Target Completion,Contract #,Project Length (kilometres),Estimated Cost Range,Engineering Status,Delivery Method
Expansion,Upcoming expansion,"North, East",69,"Patrol yard on Hwy 529 interchange, Pointe Au Baril",New facility,Planned,Not available,,0,$10 to $25 million,Design upcoming,To be determined
Expansion,Upcoming expansion,"North, East",69,"Hwy 69 connection to Sudbury southeast bypass, Sudbury",Two to four-lane widening,Planned,Not available,,6.2,$100 to $250 million,Design upcoming,To be determined
Expansion,Upcoming expansion,"North, East",69,"South junction of Hwy 529 northerly, Pointe au Baril","Two to four-lane widening, New bridge, New culvert",Planned,Not available,,15,$100 to $250 million,Design upcoming,To be determined
Expansion,Upcoming expansion,"North, East",652,"Cochrane Bypass, extension of Hwy 652, Genier Rd. to Hwy 11, Cochrane",New two-lane highway,Planned,Not available,,4.5,$25 to $100 million,Design underway,To be determined
Expansion,Upcoming expansion,"North, East",69,"North of Hwy 559, northerly, Nobel",Two to four-lane widening,Planned,Not available,,12.2,$100 to $250 million,Design in procurement,To be determined
Expansion,Upcoming expansion,"North, East",69,"North Hwy 7182 (Shebeshegong Rd.), northerly, Pointe au Baril",Two to four-lane widening,Planned,Not available,,11,$100 to $250 million,Design upcoming,To be determined
Expansion,Upcoming expansion,"North, East",69,"North of the north junction of Hwy 529, northerly, Britt",Two to four-lane widening,Planned,Not available,,20.4,$250 to $500 million,Design underway,To be determined
Expansion,2022,"North, West","11, 11/17","Hwy 587 easterly to Pearl Lake including Pearl River Bridges, Shuniah","Two to four-lane widening, New bridge, Illumination",Completed,2026,2021-6049,14,$100 to $250 million,Design complete,Design-Bid-Build
Expansion,2022,"North, West","11, 11/17","Coughlin Rd. westerly to Hwy 582 east junction including Valley Creek Culvert, west of Red Rock","Two to four-lane widening, New culvert, Culvert replacement, Illumination",Completed,2025,2022-6003,6.5,$25 to $100 million,Design complete,Design-Bid-Build
Expansion,2026,"North, West","11, 17","McGuire Rd. westerly to Coughlin Rd. including Black Sturgeon River Bridges, Red Rock","Two to four-lane widening, New bridge, Bridge removal, Illumination",Planned,Not available,2024-6011,5,$25 to $100 million,Design underway,Design-Bid-Build
Expansion,2026,"North, West",17,"West of Hwy 673 easterly including Moth Lake culverts, west of Kenora","Two to four-lane widening, New culvert, Illumination",Planned,Not available,2024-6013,11,$100 to $250 million,Planning/environmental assessment underway,Design-Bid-Build
Expansion,2027-2028,"North, West","11, 17","Pearl Lake easterly to west of CPR overhead at Ouimet, Shuniah",Two to four-lane widening,Planned,Not available,,7.6,$25 to $100 million,Design underway,Design-Bid-Build
Rehab,2023,"North, East",17,Thessalon to Iron Bridge,"Culvert replacement, Resurfacing, Intersection improvements, Culvert rehabilitation",Underway,2026,2023-5001,33.3,$25 to $100 million,Design complete,Design-Build
Rehab,2024,"North, East",11,"Birches Rd. overpasses and CNR overheads, south of North Bay",Bridge rehabilitation,Underway,2026,2024-5012,0,$0 to $10 million,Design complete,Design-Bid-Build
Rehab,2024,"North, East",11,"Englehart River Bridge northerly to Hwy 112, Englehart","Paved shoulders, Culvert replacement, Resurfacing",Underway,2026,2024-5005,21.1,$25 to $100 million,Design complete,Design-Bid-Build
Rehab,2024,"North, East",11,"North junction of Hwy 65 northerly to Hwy 569, north of New Liskeard","Resurfacing, Paved shoulders",Completed,2025,2022-5037,11,$10 to $25 million,Design complete,Design-Bid-Build
Rehab,2024,"North, East",17,"Rest area, 2.5 km east of Hwy 563, Batchewana",Facility improvements,Completed,2025,2023-5011,0,$0 to $10 million,Design complete,Design-Bid-Build
Rehab,2024,"North, East",69,"4.4 km north of Hwy 7182 northerly to 1.1 km south of Beckanon Rd., Pointe au Baril",Resurfacing,Completed,2025,2024-5073,36.5,$10 to $25 million,Design complete,Design-Bid-Build
Rehab,2024,"North, East",11,"Matheson to the west junction of Hwy 101, east of Timmins","Paved shoulders, Culvert replacement, Culvert rehabilitation, Resurfacing",Completed,2025,2023-5003,6.4,$10 to $25 million,Design complete,Design-Bid-Build
Rehab,2024,"North, East",11,"ONR overhead, Earlton",Bridge replacement,Underway,2026,2024-5009,0,$25 to $100 million,Design complete,Design-Bid-Build
Rehab,2024,"North, East",11,"McCarthy St. underpass, McFadden Line underpass and  Hwy 522 underpass, Trout Creek",Bridge rehabilitation,Underway,2026,2024-5011,0,$0 to $10 million,Design complete,Design-Bid-Build
Rehab,2024,"North, East",101,"Mattawasaga River Bridge and Ghost River Bridge, east of Matheson",Bridge rehabilitation,Underway,2026,2024-5007,0,$10 to $25 million,Design complete,Design-Bid-Build
Rehab,2024,"North, East",11,Kapuskasing easterly to west of Fauquier,"Resurfacing, Culvert rehabilitation, Paved shoulders",Underway,2026,2023-5095,24.8,$25 to $100 million,Design complete,Design-Bid-Build
Rehab,2024,"North, East",630,"Unnamed culvert, 15.6 km south of Hwy 17, Eau Claire",Culvert replacement,Completed,2025,2024-5022,0,$0 to $10 million,Design complete,Design-Bid-Build
Rehab,2024,"North, East","532, 556","Hwy 552 easterly to Hwy 532, east of Heyden and Hwy 556 northerly to Searchmont",Resurfacing,Completed,2025,2023-5097,26.5,$25 to $100 million,Design complete,Design-Bid-Build
Rehab,2024,"North, East",592,"Little East River Bridge, north of Hwy 11, Novar",Bridge replacement,Underway,2026,2024-5014,0,$0 to $10 million,Design complete,Design-Bid-Build
Rehab,2024,"North, East",805,"Grassy Lake Bridge, north of River Valley",Bridge replacement,Completed,2025,2023-5012,0,$0 to $10 million,Design complete,Design-Build
Rehab,2024,"North, East","539, 539A, 805","Hwy 539 Warren northerly to Hwy 539A, River Valley",Resurfacing,Completed,2025,2024-5013,23.6,$10 to $25 million,Design complete,Design-Bid-Build
Rehab,2025,"North, East",11,Earlton Fire Memorial Rest Area,Rest area,Underway,2026,2025-5007,0,$0 to $10 million,Design complete,Design-Bid-Build
Rehab,2025,"North, East",101,"Jackpine Creek Culvert to Shawmere River Bridge, Foleyet",Resurfacing,Completed,2025,2025-5018,19.1,$0 to $10 million,Design complete,Design-Bid-Build
Rehab,2025,"North, East",To be assigned,"Spanish River Bridge, Massey",Bridge rehabilitation,Underway,2026,2025-5075,0,$0 to $10 million,Design complete,Design-Bid-Build
Rehab,2025,"North, East",69,"3.2 km south of Hwy 637 to 2.3 km south of Nelson Rd., Sudbury",Resurfacing,Underway,2026,2025-5013,12.5,$0 to $10 million,Design complete,Design-Bid-Build
Rehab,2025,"North, East",64,"Holdridge Creek Bridge, Martin River",Bridge replacement,Underway,2026,2025-5006,0,$0 to $10 million,Design complete,Design-Bid-Build
Rehab,2025,"North, East","17, 17B",Garden River to Echo Bay,Resurfacing,Underway,2027,2023-5007,18,$25 to $100 million,Design complete,Design-Bid-Build
Rehab,2025,"North, East",17,Sault Ste. Marie to Heyden,"Culvert rehabilitation, Resurfacing, Paved shoulders, Safety improvements",Underway,2026,2024-5114,14.5,$25 to $100 million,Design complete,Design-Bid-Build
Rehab,2025,"North, East",60,"Madawaska River Bridge north branch, west of Whitney",Bridge rehabilitation,Completed,2025,2025-5019,0,$0 to $10 million,Design complete,Design-Bid-Build
Rehab,2025,"North, East",11,19.6 km to 24.7 km north of North Bay,Resurfacing,Completed,2025,2025-5017,5.1,$0 to $10 million,Design complete,Design-Bid-Build
Rehab,2025,"North, East",17,"South junction of Hwy 11/17 to 0.5 km west of Gormanville Rd., North Bay",Resurfacing,Completed,2025,2025-5011,2.1,$0 to $10 million,Design complete,Design-Bid-Build
Rehab,2025,"North, East",69,"Hwy 400 northerly to north of Hwy 7182, Shawanaga southerly","Bridge rehabilitation, Resurfacing, Intersection improvements",Underway,2027,2025-5014,19.6,$25 to $100 million,Design complete,Design-Bid-Build
Rehab,2025,"North, East","141, TBD","North of Muskoka Rd. 169 northerly 10.6 km and Hwy 7289/Hwy 141 westerly 0.9 km, Gordon Bay",Resurfacing,Underway,2026,2025-5004,11.5,$10 to $25 million,Design complete,Design-Bid-Build
Rehab,2025,"North, East",17,"Hwy 69 overpass, eastbound and westbound lanes, Sudbury",Bridge rehabilitation,Underway,2026,2025-5010,0,$0 to $10 million,Design complete,Design-Bid-Build
Rehab,2025,"North, East",546,"Kindiogami River Bridge, Camp 8 Creek Bridge, Skunk Creek Bailey Bridge, Little White River Bridge, north of Elliot Lake","Bridge rehabilitation, Bridge replacement",Underway,2026,2024-5024,0,$0 to $10 million,Design complete,Design-Bid-Build
Rehab,2021,"North, West",11,"Windy Point Bridge, 11 km west of Hwy 502, east of Fort Frances",Bridge rehabilitation,Underway,2026,2021-6003,0,$10 to $25 million,Design complete,Design-Bid-Build
Rehab,2022,"North, West",588,"Kaministiquia River Bridges (north, south channels), 2 km south of Hwy 11/17, Oliver Paipoonge",Bridge rehabilitation,Completed,2025,2022-6018,0,$10 to $25 million,Design complete,Design-Bid-Build
Rehab,2023,"North, West",61,"Arthur St. intersection, Thunder Bay",Drainage Improvements,Completed,2025,2022-6032,0,$0 to $10 million,Design complete,Design-Bid-Build
Rehab,2024,"North, West","17, 17A","Various locations (9), Hwy 17A and Hwy 17, Kenora, east of Kenora",Hazard rock removal,Completed,2025,2024-6034,0,$0 to $10 million,Design complete,Design-Bid-Build
Rehab,2024,"North, West",588,"West of Hwy 595 westerly and 11km west of Hwy 593 westerly, Gillies, west of Gillies",Resurfacing,Completed,2025,2024-6031,18.9,$0 to $10 million,Design complete,Design-Bid-Build
Rehab,2024,"North, West","11, 584","Various locations (7), Hwy 584 north of Geraldton, and various locations (3), Hwy 11 between Jellicoe and Hwy 584, Greenstone",Culvert replacement,Completed,2025,2024-6012,0,$0 to $10 million,Design complete,Single Source
Rehab,2024,"North, West","11, 625","Various locations, Greenstone, east of Greenstone",Culvert replacement,Completed,2025,2023-6034,0,$0 to $10 million,Design complete,Design-Bid-Build
Rehab,2024,"North, West",72,"Hwy 17 northerly to 3 km north of Kathlyn Lake Rd., south of Sioux Lookout",Resurfacing,Underway,2026,2024-6001,35.5,$25 to $100 million,Design complete,Design-Bid-Build
Rehab,2024,"North, West",17,"New rest area parking, Terrace Bay",Parking lot,Completed,2025,2024-6020,0,$0 to $10 million,Design complete,Design-Bid-Build
Rehab,2024,"North, West",17,"West of Sawmill Bay Rd. westerly to west of Upsala, east of Ignace","Resurfacing, Bridge rehabilitation",Completed,2025,2023-6068,29.8,$10 to $25 million,Design complete,Design-Bid-Build
Rehab,2024,"North, West",17,"CPR eastbound overhead, 6 km east of Hwy 527, Thunder Bay",Bridge rehabilitation,Underway,2026,2023-6009,0,$0 to $10 million,Design complete,Design-Bid-Build
Rehab,2024,"North, West",622,"Turtle and Little Turtle River Bridges, 44 and 79 km south of Hwy 17, north of Atikokan",Bridge rehabilitation,Completed,2025,2023-6037,0,$0 to $10 million,Design complete,Design-Bid-Build
Rehab,2024,"North, West",599,"English River Bridge northerly to Hwy 642 at Silver Dollar, north of Ignace",Resurfacing,Completed,2025,2024-6006,27,$10 to $25 million,Design complete,Design-Bid-Build
Rehab,2024,"North, West","11, 17","Polemounted variable message signs, various locations (15), Nipigon to Fort Frances, Dryden to Kenora",Signage rehabilitation,Underway,2026,2023-6067,0,$0 to $10 million,Design complete,Design-Bid-Build
Rehab,2025,"North, West",17,West of Schreiber and Terrace Bay municipality limit,Hazard rock removal,Underway,2026,2024-6045,0,$0 to $10 million,Design complete,Design-Bid-Build
Rehab,2025,"North, West","11, 61","Various intersections and locations, east of Balsam St. southerly to Harbour Expressway and Hwy 61 southerly, Thunder Bay","Resurfacing, Intersection improvements",Underway,2027,2023-6007,15.7,$10 to $25 million,Design complete,Design-Bid-Build
Rehab,2025,"North, West",17,"Thunder Creek Bridge,  Hwy 17, east of Dryden",Bridge rehabilitation,Completed,2025,2024-6047,0,$0 to $10 million,Design complete,Design-Bid-Build
Rehab,2025,"North, West",584,"Various locations (14), 27 km north  of Hwy 11,   northerly 11 km, Greenstone",Culvert replacement,Underway,2026,2025-6016,0,$0 to $10 million,Design complete,Single Source
Rehab,2025,"North, West","613, 621","Eleanor Bay and McCool River Bridges, 8 km north of Hwy 619 and 5 km north of Hwy 11, Lake of the Woods, La Vallee",Bridge rehabilitation,Completed,2025,2025-6004,0,$0 to $10 million,Design complete,Design-Bid-Build
Rehab,2025,"North, West","17, To be assigned",Various locations between Nipigon and Marathon,Culvert replacement,Completed,2025,2023-6035,0,$0 to $10 million,Design complete,Design-Bid-Build
Rehab,2025,"North, West",602,"Lyon Creek Culvert No 1, 1.0 km south of Hwy 11, Emo",Culvert replacement,Underway,2026,2023-6036,0,$0 to $10 million,Design complete,Design-Bid-Build
Rehab,2025,"North, West",72,"Frog Rapids Bridge, 3 km north of Hwy 664, Sioux Lookout",Bridge rehabilitation,Completed,2025,2025-6005,0,$0 to $10 million,Design complete,Design-Bid-Build
Rehab,2025,"North, West",17,"5.0 km west of Hwy 599 easterly, Ignace, east of Ignace",Resurfacing,Completed,2025,2024-6019,19.4,$0 to $10 million,Design complete,Design-Bid-Build
Rehab,2025,"North, West",17,"New rest area building, Terrace Bay",New facility,Underway,2026,2024-6021,0,$0 to $10 million,Design complete,Design-Bid-Build
Rehab,2025,"North, West","582, 589, 591","Hwy 591, from Hwy 589 to end of Hwy and Hwy 589, from Goodman Lake Rd. to Two Islands Lake Rd., north of Thunder Bay",Resurfacing,Underway,2026,2025-6058,0,$0 to $10 million,Design complete,Not applicable
Rehab,2025,"North, West","601, 611, 613, To be assigned","Various locations, Hwy 601, 611N, 613N and Rockeries Rd., north of Dryden, Alberton, La Vallee, west of Kenora",Resurfacing,Completed,2025,2025-6017,51.7,$0 to $10 million,Design complete,Not applicable
Rehab,2025,"North, West","17, 614, 627",Various locations between Nipigon and White River,Culvert replacement,Underway,2026,2025-6032,0,$0 to $10 million,Design complete,Single Source
Rehab,2025,"North, West","17, 614",Various locations between Nipigon and White River,Culvert replacement,Underway,2026,2025-6033,0,$0 to $10 million,Design complete,Single Source
Rehab,2025,"North, West",61,"Pigeon River Bridge at Canada/USA International Border, Neebing",Bridge rehabilitation,Underway,2026,2024-6015,0,$0 to $10 million,Design complete,Design-Bid-Build
Rehab,2025,"North, West",71,"Sioux Narrows Bridge and Nestor Falls Bridge, Sioux Narrows-Nestor Falls",Bridge rehabilitation,Completed,2025,2024-6002,0,$0 to $10 million,Design complete,Design-Bid-Build
Rehab,2025,"North, West",17,"2.0 km east of Pays Plat River Bridge, west of Schreiber",Hazard rock removal,Underway,2026,2025-6049,0,$0 to $10 million,Design complete,Design-Bid-Build
Rehab,2025,"North, West",11,"Various locations east of Beardmore, Greenstone",Culvert replacement,Completed,2025,2024-6024,0,$0 to $10 million,Design complete,Single Source
Rehab,2025,"North, West",17,"Various locations, east of Nipigon",Culvert replacement,Completed,2025,2024-6025,0,$0 to $10 million,Design complete,Single Source
Rehab,2025,"North, West",17,8 km west of Schreiber westerly including Hewitson Creek Culvert,"Culvert replacement, Realignment",Underway,2027,2025-6024,3.8,$25 to $100 million,Design complete,Design-Bid-Build
Rehab,2026,"North, East","553, 810","River aux Sables Bridges, Cameron Creek Bridge, north of Hwy 17, north of Massey",Bridge replacement,Planned,2027-2028,2023-5009,0,$10 to $25 million,Design underway,Design-Bid-Build
Rehab,2026,"North, East",101,"0.3 km west of Lawson Lake Culvert to 2.2 km west of Hwy 651, Chapleau",Resurfacing,Planned,2027-2028,2026-5013,38.6,$10 to $25 million,Design underway,Design-Bid-Build
Rehab,2026,"North, East",560,"West of west junction of Hwy 65, west of Elk Lake",Culvert replacement,Planned,2026,2022-5009,0,$0 to $10 million,Design underway,Design-Bid-Build
Rehab,2026,"North, East",17,"East Baldhead Bridge and West Baldhead Bridge, south of Wawa",Bridge replacement,Planned,2027-2028,2026-5017,0,$10 to $25 million,Design underway,Design-Bid-Build
Rehab,2026,"North, East",11,"9.6 km south of Hwy 534 northerly 4.6 km, Trout Creek","Bridge rehabilitation, Resurfacing, Culvert rehabilitation",Planned,2027-2028,2026-5011,4.6,$25 to $100 million,Design underway,Design-Bid-Build
Rehab,2026,"North, East",592,"Little East River Bridges 2, 3 and 4 north of Hwy 11, Novar",Bridge replacement,Planned,Not available,2025-5141,0,$10 to $25 million,Design underway,Design-Bid-Build
Rehab,2026,"North, East",11,"Jacobs Hill Rd. northerly 20.1 km, Nellie Lake","Culvert replacement, Resurfacing, Paved shoulders",Planned,2027-2028,2026-5015,20.1,$10 to $25 million,Design underway,Design-Bid-Build
Rehab,2026,"North, East",17,"Montreal River Bridge, Montreal River",Bridge replacement,Planned,2027-2028,2025-5005,0,$10 to $25 million,Design underway,Design-Build
Rehab,2026,"North, East",17,"0.7 km north of Frater Rd. northerly 25.3 km, Montreal River","Resurfacing, Culvert replacement, Paved shoulders, Culvert rehabilitation",Planned,Not available,,25.3,$25 to $100 million,Design underway,Design-Bid-Build
Rehab,2026,"North, East","17, 548","Stobie Creek Bridge, Richardson Creek Bridge and Walker Creek Culvert, Richards Landing","Bridge replacement, Culvert rehabilitation",Planned,2027-2028,2026-5018,0,$10 to $25 million,Design underway,Design-Bid-Build
Rehab,2026,"North, East",17,"1 km east of Hwy 548 westerly 16.8 km, Echo Bay","Resurfacing, Bridge rehabilitation, Bridge replacement",Planned,2027-2028,2026-5019,16.8,$25 to $100 million,Design underway,Design-Bid-Build
Rehab,2026,"North, East",559,"Hwy 400 westerly to end of hwy, north of Nobel","Resurfacing, Paved shoulders",Planned,2027-2028,2024-5020,17.4,$10 to $25 million,Design underway,Design-Bid-Build
Rehab,2026,"North, East",652,"Lawagamau River Bridge, Floodwood River Bridge and Little Abitibi River Bridge, north of Cochrane",Bridge replacement,Planned,2027-2028,2026-5001,0,$10 to $25 million,Design underway,Design-Bid-Build
Rehab,2026,"North, East","575, 64",Sturgeon Falls to Field,"Resurfacing, Culvert replacement",Planned,2027-2028,2026-5009,22.1,$25 to $100 million,Design underway,Design-Bid-Build
Rehab,2026,"North, East",17,West of Markstay easterly to Hagar,"Resurfacing, Paved shoulders, Bridge rehabilitation",Planned,2027-2028,2026-5016,20.4,$25 to $100 million,Design underway,Design-Bid-Build
Rehab,2026,"North, East",579,"Clute Creek Culverts, north of Cochrane",Culvert replacement,Planned,2026,2024-5019,0,$0 to $10 million,Design underway,Design-Bid-Build
Rehab,2026,"North, East","124, 520",Whitestone Lake Bridge at Dunchurch and Whitestone River Bridge at Whitestone,Bridge rehabilitation,Planned,2027-2028,2025-5012,0,$0 to $10 million,Design underway,Design-Bid-Build
Rehab,2026,"North, East",101,"Hwy 144 easterly to Government Rd., Timmins westerly","Resurfacing, Culvert replacement",Planned,2027-2028,2026-5008,16.1,$10 to $25 million,Design underway,Design-Bid-Build
Rehab,2026,"North, East",17,"10.2 km east of Hwy 108, easterly 22 km, Spanish","Resurfacing, Culvert replacement, Bridge rehabilitation",Planned,Not available,2026-5022,22,$25 to $100 million,Design underway,Design-Bid-Build
Rehab,2026,"North, West",622,"Seine River Bridge, 21 km north of Hwy 11B, north of Atikokan",Bridge rehabilitation,Planned,2026,2025-6002,0,$0 to $10 million,Design underway,Design-Bid-Build
Rehab,2026,"North, West",61,"Slate River Tributary Culvert, 2.0 km south of Hwy 130, Neebing",Culvert replacement,Planned,2026,2025-6065,0,$0 to $10 million,Design complete,Design-Bid-Build
Rehab,2026,"North, West","527, 582","Hwy 527 from Kopka River Bridge northerly and Hwy 582 from Hwy 11/17 west junction easterly, north of Shuniah,  east of Dorion",Resurfacing,Planned,2027-2028,2026-6031,43.9,$0 to $10 million,Design underway,Not applicable
Rehab,2026,"North, West","105, 125, 609, 618, 647, 657, 804","Various locations, Hwy 105, 125, 609, 618, 657, 647, and 804, Machin, north of Machin, Ear Falls, west/north/south of Earfalls, Red Lake",Culvert replacement,Planned,2026,2025-6019,0,$0 to $10 million,Design underway,Design-Bid-Build
Rehab,2026,"North, West","11, 600, 602, 611, 613, 615, 617, 619, 621, 71","Various locations, Hwy 11, 71, 600, 602, 611, 613, 615, 617, 619 and 621, Sioux Narrows-Nestor Falls, Lake of the Woods, Dawson, Morley, Chapple, Emo, La Vallee, Alberton",Culvert replacement,Planned,2027-2028,2025-6020,0,$0 to $10 million,Design underway,Design-Bid-Build
Rehab,2026,"North, West",671,"24 km north of Hwy 17A northerly, north of Kenora","Safety improvements, Guide rail improvements, Realignment",Planned,2026,2025-6054,1.5,$0 to $10 million,Design underway,Design-Bid-Build
Rehab,2026,"North, West",642,"Hwy 72 and 516 Junction easterly to Sturgeon River Bridge, Sioux Lookout",Resurfacing,Planned,2027-2028,2026-6032,9.9,$0 to $10 million,Design underway,Not applicable
Rehab,2026,"North, West",17,"East of Hwy 631 westerly, White River","Resurfacing, Paved shoulders",Planned,2027-2028,2025-6003,52.3,$10 to $25 million,Design in procurement,Design-Bid-Build
Rehab,2026,"North, West",130,"Twin City Cross Rd. and Arthur St. intersection, Oliver Paipoonge",Intersection improvements,Planned,2027-2028,2023-6019,0,$0 to $10 million,Design underway,Design-Bid-Build
Rehab,2026,"North, West",588,"Silver Creek Culvert, 10 km south of Hwy 11/17, O'Connor",Culvert rehabilitation,Planned,2026,2025-6027,0,$0 to $10 million,Planning/environmental assessment underway,Design-Bid-Build
Rehab,2026,"North, West",17,Schreiber to Terrace Bay,Resurfacing,Planned,2027-2028,2026-6020,16.2,$0 to $10 million,Planning/environmental assessment upcoming,Design-Bid-Build
Rehab,2026,"North, West",17,"Gulliver River Bridge, 10 km east of Hwy 599, east of Ignace",Bridge rehabilitation,Planned,2026,2026-6009,0,$0 to $10 million,Design underway,Design-Bid-Build
Rehab,2026,"North, West",105,"English River Bridge, Ear Falls and Perrault Falls Culvert, south of Ear Falls","Bridge rehabilitation, Culvert rehabilitation",Planned,2026,2024-6003,0,$0 to $10 million,Design underway,Design-Bid-Build
Rehab,2026,"North, West",11,Nipigon River Bridge at Nipigon,Bridge rehabilitation,Planned,2026,2026-6014,0,$0 to $10 million,Design underway,Design-Bid-Build
Rehab,2026,"North, West",17,"Melgund Creek, Osaquan River, Shoshowae Creek East and Sisson Creek Culverts, west of Hwy 603, 11 km west of Hwy 599, 8 km west of Hwy 665 and 66 km east of Hwy 599, east and west of Ignace",Culvert rehabilitation,Planned,2026,2026-6015,0,$0 to $10 million,Design underway,Design-Bid-Build
Rehab,2026,"North, West",11,"Wild Goose Creek and Blind Creek Culverts - eastbound lane, 6 and 7 km east of Hwy 527, Shuniah",Culvert rehabilitation,Planned,2026,2025-6010,0,$0 to $10 million,Design underway,Design-Bid-Build
Rehab,2026,"North, West",599,"Medcalf Lake Narrows Bridge, 85 km north of Hwy 516, south of Pickle Lake",Bridge rehabilitation,Planned,2026,2025-6009,0,$0 to $10 million,Design complete,Design-Bid-Build
Rehab,2026,"North, West",11,"Angle Creek and Partridge Lake Culverts, 7 km east of Hwy 580 and 32 km west of Hwy 584, Greenstone",Culvert rehabilitation,Planned,2026,2025-6022,0,$0 to $10 million,Design complete,Design-Bid-Build
Rehab,2026,"North, West",811,"Gull River Culverts, 17 km west of Hwy 527, north of Thunder Bay",Culvert replacement,Planned,2026,2025-6023,0,$0 to $10 million,Design underway,Design-Bid-Build
Rehab,2026,"North, West",61,"Slate River Bridges, 1.0 and 7.0 km north of Hwy 608, Oliver Paipoonge, Neebing",Bridge rehabilitation,Planned,2026,2023-6010,0,$0 to $10 million,Design complete,Design-Bid-Build
Rehab,2026,"North, West",17,"CPR overhead at Martin, 9 km west of English River, east of Ignace",Bridge replacement,Planned,2026,2025-6011,0,$10 to $25 million,Design complete,Design-Bid-Build
Rehab,2026,"North, West",17,"CPR overhead, Terrace Bay",Bridge replacement,Planned,2026,2022-6010,0,$10 to $25 million,Design underway,Design-Bid-Build
Rehab,2026,"North, West",588,"2 km south of Hwy 11/17 westerly, Oliver Paipoonge, O'Connor, Gillies",Reconstruction,Planned,2026,2026-6021,13.4,$0 to $10 million,Design underway,Design-Bid-Build
Rehab,2026,"North, West",11,"Millers Creek Culvert, 9 km west of Hwy 621, Rainy River",Culvert replacement,Planned,2026,2025-6015,0,$0 to $10 million,Design underway,Design-Bid-Build
Rehab,2026,"North, West",17,"Steel River Bridge westerly, east of Terrace Bay","Realignment, Truck climbing lane, Paved shoulders",Planned,2027-2028,2023-6038,4.1,$25 to $100 million,Design underway,Design-Bid-Build
Rehab,2026,"North, West",17,"McKellar and Ripple Creek Culverts, 36 and 38 km west of Marathon",Culvert rehabilitation,Planned,2026,2024-6004,0,$0 to $10 million,Design complete,Design-Bid-Build
Rehab,2026,"North, West","664, 72","36 km north of Hwy 17 northerly to Sioux Lookout including Ariano Bypass and Hwy 664 westerly to Hudson, Sioux Lookout",Resurfacing,Planned,2027-2028,2024-6005,49.3,$25 to $100 million,Design underway,Design-Bid-Build
Rehab,2026,"North, West",502,"47 km north of Hwy 11 northerly, east of Fort Frances",Resurfacing,Planned,2026,2025-6008,19,$10 to $25 million,Design underway,Design-Bid-Build
Rehab,2026,"North, West",599,"Hwy 642 at Silver Dollar northerly, north of Ignace",Reconstruction,Planned,2027-2028,2025-6026,41,$10 to $25 million,Design in procurement,Design-Bid-Build
Rehab,2026,"North, West",Not applicable,"Fort Severn Modular Bridge, Fort Severn Remote Northern Airport",Bridge replacement,Planned,2026,2024-6008,0,$0 to $10 million,Design underway,Design-Bid-Build
Rehab,2026,"North, West","11, 628","Hwy 11/17 easterly, Red Rock, and Hwy 11/17, 3.0 km west of Hwy 11 westerly, Nipigon","Resurfacing, Paved shoulders, Bridge rehabilitation",Planned,2026,2025-6012,10.8,$0 to $10 million,Design underway,Design-Bid-Build
Rehab,2026,"North, West",102,"CPR Kaministiquia and CNR overheads, 4 km east of Hwy 17 at Sistonen's Corners, west of Oliver-Paipoonge","Bridge rehabilitation, Bridge removal",Planned,2027-2028,2024-6017,0,$25 to $100 million,Design complete,Design-Bid-Build
Rehab,2026,"North, West",11,"Omer Lake Culvert, 46 km north of Hwy 17, Greenstone",Culvert rehabilitation,Planned,2026,2025-6013,0,$0 to $10 million,Design complete,Design-Bid-Build
Rehab,2026,"North, West",11,"Oliver Rd., Kakabeka to Hwy 11, Shabaqua, Oliver Paipoonge, Conmee, west of Conmee","Resurfacing, Paved shoulders",Planned,2027-2028,2025-6021,38.2,$25 to $100 million,Design underway,Design-Bid-Build
Rehab,2027-2028,"North, East",11,"Rest area at Hwy 11, Marten River",New facility,Planned,Not available,2023-5010,0,$10 to $25 million,Design underway,To be determined
Rehab,2027-2028,"North, East",533,"11 km north of the junction of Hwy 656, northerly, Mattawa",Culvert replacement,Planned,2027-2028,,0,$0 to $10 million,Design upcoming,To be determined
Rehab,2027-2028,"North, East",11,"Straight Creek Culvert, south of Latchford",Culvert replacement,Planned,2027-2028,2024-5002,0,$0 to $10 million,Design underway,To be determined
Rehab,2027-2028,"North, East",518,"Kearney Rd. to Star Lake Rd., Emsdale",Resurfacing,Planned,2027-2028,,8.1,$0 to $10 million,Design upcoming,To be determined
Rehab,2027-2028,"North, East","11, 592","Recreational overpass and unnamed creeks, Scotia","Culvert replacement, Culvert rehabilitation",Planned,2027-2028,,0,$0 to $10 million,Design upcoming,To be determined
Rehab,2027-2028,"North, East",17,"Rest area, Agawa Bay",New facility,Planned,Not available,,0,$0 to $10 million,Design upcoming,To be determined
Rehab,2027-2028,"North, East",124,"North junction of Hwy 11 to Goreville Rd., north of South River",Resurfacing,Planned,2027-2028,,5.2,$0 to $10 million,Design upcoming,To be determined
Rehab,2027-2028,"North, East",69,"Richard Lake Creek, Sudbury",Culvert replacement,Planned,2027-2028,,0,$0 to $10 million,Design upcoming,To be determined
Rehab,2027-2028,"North, East",522,"Commanda Creek Bridge, Commanda",Bridge replacement,Planned,2027-2028,,0,$0 to $10 million,Design upcoming,To be determined
Rehab,2027-2028,"North, East",805,"Mud Lake Culvert, 21km north of Hwy 539, River Valley",Culvert replacement,Planned,2027-2028,,0,$0 to $10 million,Design upcoming,To be determined
Rehab,2027-2028,"North, East",522,"8.2 km west of Hwy 524 to 26.2 km west of Hwy 524, Commanda",Resurfacing,Planned,2027-2028,,18,$0 to $10 million,Design upcoming,To be determined
Rehab,2027-2028,"North, East","11, 65","Hwy 11, Hwy 11B to Roland Rd., south of New Liskeard northerly and Hwy 65, Armstrong St. northerly to north junction Hwy 11/65 at New Liskeard",Resurfacing,Planned,2027-2028,,18.9,$10 to $25 million,Design underway,To be determined
Rehab,2027-2028,"North, East",805,"Azen Creek, north of River Valley",Culvert replacement,Planned,2027-2028,,0,$0 to $10 million,Design upcoming,To be determined
Rehab,2027-2028,"North, East","624, 66","Quebec-Ontario provincial border to 2.3 km west of Hwy 624, Virginiatown",Resurfacing,Planned,Not available,,21,$10 to $25 million,Design in procurement,To be determined
Rehab,2027-2028,"North, East",655,"Algonquin Blvd. to 11.3 km north of Hwy 101, Timmins",Resurfacing,Planned,2027-2028,,11.3,$0 to $10 million,Design underway,To be determined
Rehab,2027-2028,"North, East",11,"17.2 km north of Hwy 64 to 0.2 km south of Wilson Lake Rd., north of Marten River",Resurfacing,Planned,2027-2028,,10.2,$10 to $25 million,Design upcoming,To be determined
Rehab,2027-2028,"North, East",17,"Junction Creek Bridge, 8.9 km west of Sudbury Municipal Rd. 80 Middle Interchange",Bridge replacement,Planned,Not available,2026-5023,0,$10 to $25 million,Design underway,To be determined
Rehab,2027-2028,"North, East",To be assigned,"Portage Creek Bridge, north of MacTier",Bridge replacement,Planned,Not available,,0,$10 to $25 million,Design upcoming,To be determined
Rehab,2027-2028,"North, East","400, To be assigned","Mill Lake Bridge northerly 16.3 km, Parry Sound",Resurfacing,Planned,2027-2028,,17.9,$10 to $25 million,Design upcoming,To be determined
Rehab,2027-2028,"North, East","637, To be assigned","Wanapitei River Bridge and Mahzenazing River Bridge, Wanup",Bridge rehabilitation,Planned,2027-2028,,0,$0 to $10 million,Design upcoming,To be determined
Rehab,2027-2028,"North, East",65,Elk Lake northerly 18.5 km,"Resurfacing, Culvert replacement",Planned,2027-2028,2026-5003,18.5,$10 to $25 million,Design underway,To be determined
Rehab,2027-2028,"North, East",17,"Everett Lake Tributary Culvert, Iron Bridge",Culvert replacement,Planned,2026,2026-5012,0,$0 to $10 million,Design underway,To be determined
Rehab,2027-2028,"North, East",To be assigned,"Root River #1 Culvert and Root River #2 Culvert, Sault Ste. Marie",Culvert replacement,Planned,2027-2028,,0,$0 to $10 million,Design underway,To be determined
Rehab,2027-2028,"North, East",638,"Bar River Bridge #1, Bar River Bridge #2 and Bar River Bridge #3, Echo Bay",Bridge replacement,Planned,Not available,,0,$10 to $25 million,Design underway,To be determined
Rehab,2027-2028,"North, East","11, 520","1 km north of Hwy 520 northerly 8.7 km, Burk's Falls",Resurfacing,Planned,2027-2028,,8.7,$10 to $25 million,Design upcoming,To be determined
Rehab,2027-2028,"North, East","535, 64","Hwy 528 northerly 21.7 km and Hwy 535 from Hwy 64 northerly 2.1 km, Noelville","Resurfacing, Paved shoulders",Planned,Not available,,23.8,$10 to $25 million,Design underway,To be determined
Rehab,2027-2028,"North, East",631,"Nagagamisis Lake Bridge northerly 31.2 km, Hornepayne",Resurfacing,Planned,Not available,,31.2,$0 to $10 million,Design upcoming,To be determined
Rehab,2027-2028,"North, East",17,"Depew River Bridge, Chain Lake Culvert, CPR overhead, South White River and South White River Bridge, south of White River","Bridge replacement, Culvert rehabilitation",Planned,2027-2028,,0,$25 to $100 million,Design underway,To be determined
Rehab,2027-2028,"North, East",17,"Spanish River Bridge, 8.2 km east of Hwy 6, east of McKerrow",Bridge rehabilitation,Planned,2027-2028,,0,$0 to $10 million,Design upcoming,To be determined
Rehab,2027-2028,"North, East",11,"Fern Glen Rd. underpass, 4.2 km south of Hwy 518, Emsdale",Bridge rehabilitation,Planned,2027-2028,,0,$0 to $10 million,Design upcoming,To be determined
Rehab,2027-2028,"North, East",11,"Sand Dam Rd. northerly to Ellesmere Rd., North Bay","Safety improvements, Resurfacing, Passing lane",Planned,Not available,,13.8,$100 to $250 million,Design underway,To be determined
Rehab,2027-2028,"North, East",144,"North of Hwy 661 northerly, north of Gogama","Resurfacing, Culvert rehabilitation",Planned,Not available,,28.1,$25 to $100 million,Design underway,To be determined
Rehab,2027-2028,"North, East",60,"Opeongo River Bridge, Madawaska River Bridge and Poverty Creek Culvert, Madawaska","Bridge replacement, Culvert replacement",Planned,Not available,,0,$25 to $100 million,Planning/environmental assessment underway,To be determined
Rehab,2027-2028,"North, East",11,"Goreville Rd. underpass, South River",Bridge rehabilitation,Planned,2027-2028,,0,$0 to $10 million,Design upcoming,To be determined
Rehab,2027-2028,"North, East",520,"North Creek Bridge, 3 km west of Hwy 11, Magnetawan",Bridge rehabilitation,Planned,2027-2028,,0,$0 to $10 million,Design upcoming,To be determined
Rehab,2027-2028,"North, East","11, To be assigned","1 km north of Stirling Creek Rd. to Muskoka Rd. overpass, Sundridge",Resurfacing,Planned,2027-2028,,9,$0 to $10 million,Design upcoming,To be determined
Rehab,2027-2028,"North, East",124,West junction of Hwy 520 to McKellar,Resurfacing,Planned,2027-2028,,17.8,$0 to $10 million,Design upcoming,To be determined
Rehab,2027-2028,"North, East",17,"South of Hwy 101 southerly, south of Wawa","Resurfacing, Bridge rehabilitation, Paved shoulders, Culvert replacement",Planned,2027-2028,,21.6,$25 to $100 million,Design underway,To be determined
Rehab,2027-2028,"North, East","518, 592","Star Lake Rd. to the junction of Hwy 11/518 and Deer Lake Rd. to the north junction of Hwy 11, Emsdale",Resurfacing,Planned,2027-2028,,4.3,$0 to $10 million,Design upcoming,To be determined
Rehab,2027-2028,"North, East",To be assigned,"Pickeral River Bridge, Bigwood",Bridge rehabilitation,Planned,2027-2028,,0,$0 to $10 million,Design upcoming,To be determined
Rehab,2027-2028,"North, East",11,Trout Creek Bridges,Bridge rehabilitation,Planned,2027-2028,,0,$10 to $25 million,Design upcoming,To be determined
Rehab,2027-2028,"North, East","17, To be assigned","East junction of Regional Rd. 55 to Hwy 69, Sudbury",Resurfacing,Planned,2027-2028,,12.5,$10 to $25 million,Design upcoming,To be determined
Rehab,2027-2028,"North, East","101, 17","East of Hwy 17 easterly to Hwy 547, Wawa easterly and Catfish Creek Culvert 2, north of Wawa","Resurfacing, Culvert rehabilitation",Planned,2027-2028,2023-5096,18,$0 to $10 million,Design underway,To be determined
Rehab,2027-2028,"North, East",101,"Salve (Painkiller) Creek Bridge, Matheson",Bridge rehabilitation,Planned,Not available,,0,$0 to $10 million,Design upcoming,To be determined
Rehab,2027-2028,"North, East",101,"ONR crossing easterly, Timmins",Resurfacing,Planned,2027-2028,,17.3,$10 to $25 million,Design upcoming,To be determined
Rehab,2027-2028,"North, East",112,"Murdock Creek and unnamed culvert, 5.8 km south of Hwy 66, Kirkland Lake",Culvert replacement,Planned,2027-2028,,0,$0 to $10 million,Planning/environmental assessment in procurement,To be determined
Rehab,2027-2028,"North, East",11,"Unnamed culvert, 3.4 km north of Hwy 560, Englehart",Culvert rehabilitation,Planned,Not available,,0,$0 to $10 million,Design in procurement,To be determined
Rehab,2027-2028,"North, East",569,"Moose Creek Culvert, Couttsville",Culvert rehabilitation,Planned,Not available,,0,$0 to $10 million,Design in procurement,To be determined
Rehab,2027-2028,"North, East","101, 129","Hwy 129 from north junction of Hwy 101 northerly to Chapleau and Hwy 101 from the south junction of Hwy 129 easterly and Poulin Creek Culvert, Chapleau","Culvert replacement, Resurfacing",Planned,Not available,,35.1,$25 to $100 million,Design underway,To be determined
Rehab,2027-2028,"North, East",11,"Net Lake Bridge, Temagami",Bridge rehabilitation,Planned,Not available,,0,$0 to $10 million,Design upcoming,To be determined
Rehab,2027-2028,"North, East",11,"0.1 km south of Lakeshore Dr. northerly 0.7 km, Temagami",Resurfacing,Planned,2027-2028,2025-5021,0.7,$0 to $10 million,Design underway,To be determined
Rehab,2027-2028,"North, East",655,"14 km south of Hwy 11 to Hwy 11, Driftwood",Resurfacing,Planned,Not available,,14,$10 to $25 million,Design in procurement,To be determined
Rehab,2027-2028,"North, East",11,"6.5 km to 18.3 km north of Hwy 570, Sesekinika",Resurfacing,Planned,2027-2028,,11.8,$0 to $10 million,Design upcoming,To be determined
Rehab,2027-2028,"North, East",11,"Driftwood to 2.9 km north of Hwy 634, Smooth Rock Falls","Resurfacing, Paved shoulders",Planned,Not available,,25.9,$25 to $100 million,Design in procurement,To be determined
Rehab,2027-2028,"North, East",11,"Hwy 663 to 7.7 km east of Hwy 631, Calstock","Resurfacing, Paved shoulders",Planned,2027-2028,,21.1,$10 to $25 million,Design upcoming,To be determined
Rehab,2027-2028,"North, East",519,"Magpie River Bridge, Dubreuilville",Bridge rehabilitation,Planned,2027-2028,,0,$0 to $10 million,Design upcoming,To be determined
Rehab,2027-2028,"North, East",69,"North junction of Hwy 529 to Hwy 522, Still River","Resurfacing, Intersection improvements",Planned,2027-2028,,18,$10 to $25 million,Design underway,To be determined
Rehab,2027-2028,"North, East",60,"Renfrew-Nipissing boundary to Hwy 523, Madawaska","Resurfacing, Paved shoulders",Planned,Not available,,13.5,$10 to $25 million,Design upcoming,To be determined
Rehab,2027-2028,"North, East",6,"CPR Swing Bridge (North Channel), north of Little Current",Bridge replacement,Planned,Not available,,0,$100 to $250 million,Design in procurement,To be determined
Rehab,2027-2028,"North, East",63,"16.7 km south of Hwy 533 northerly, Balsam Creek",Resurfacing,Planned,2027-2028,,17.8,$0 to $10 million,Design upcoming,To be determined
Rehab,2027-2028,"North, East",562,"Unknown creek culvert, 4.9 km west of Hwy 11, Earlton",Culvert replacement,Planned,2027-2028,,0,$0 to $10 million,Design in procurement,To be determined
Rehab,2027-2028,"North, East",11,"Poplar Rapids River Bridge, 13.5 km west of Hwy 634, Smooth Rock Falls",Bridge replacement,Planned,Not available,2024-5008,0,$10 to $25 million,Design underway,To be determined
Rehab,2027-2028,"North, East",144,"10.2 km south of Hwy 560 to 9.9 km north of Hwy 560, Westree",Resurfacing,Planned,Not available,,20.1,$25 to $100 million,Design underway,To be determined
Rehab,2027-2028,"North, East",129,"Mississagi River Bridge, Wharncliffe",Bridge replacement,Planned,2027-2028,,0,$25 to $100 million,Design underway,To be determined
Rehab,2027-2028,"North, West",71,"10 km south of Hwy 17 southerly, Sioux Narrows - Nestor Falls","Reconstruction, Paved shoulders",Planned,2027-2028,2025-6001,27.9,$10 to $25 million,Design underway,To be determined
Rehab,2027-2028,"North, West",11,"CNR Rainy Lake overhead, 2 km east of Hwy 502, east of Fort Frances",Bridge rehabilitation,Planned,2027-2028,2023-6016,0,$0 to $10 million,Design underway,To be determined
Rehab,2027-2028,"North, West",11,"Boom Creek Culvert, 14.0 km north of Hwy 17, north of Nipigon",Culvert replacement,Planned,2027-2028,2026-6022,0,$0 to $10 million,Design underway,To be determined
Rehab,2027-2028,"North, West","17, 17A, 525, 596, 641, 658, 671, To be assigned","Various locations, Hwy 17, 17A, 71, 525, 596, 641, 658, 671 and 7059, Kenora, east/west/north of Kenora, north of Sioux Narrows-Nestor Falls",Culvert replacement,Planned,2026,2026-6023,0,$0 to $10 million,Design in procurement,To be determined
Rehab,2027-2028,"North, West",502,"Hwy 17 southerly to Hwy 594, Dryden",Reconstruction,Planned,2027-2028,,3,$0 to $10 million,Planning/environmental assessment underway,To be determined
Rehab,2027-2028,"North, West","11, 17, 502, 594, 601, 605, 665","Various locations, Hwy 11, 17, 502, 594, 601, 665 and 605, Machin, east/west/south of Dryden, east of Fort Frances",Culvert replacement,Planned,2027-2028,2025-6018,0,$0 to $10 million,Design in procurement,To be determined
Rehab,2027-2028,"North, West",17,"13 km west of Hwy 11 at Shabaqua Corners westerly, west of Conmee","Resurfacing, Paved shoulders",Planned,2027-2028,,26.4,$10 to $25 million,Planning/environmental assessment underway,To be determined
Rehab,2027-2028,"North, West",17,"West of Peninsula Rd. easterly, Marathon","Resurfacing, Paved shoulders",Planned,2027-2028,,17.8,$0 to $10 million,Planning/environmental assessment upcoming,To be determined
Rehab,2027-2028,"North, West",71,"Nestor Falls Bridge, 36.0 km north of Hwys 600 and 615, Sioux Narrows - Nestor Falls",Bridge replacement,Planned,2027-2028,,0,$0 to $10 million,Planning/environmental assessment upcoming,To be determined
Rehab,2027-2028,"North, West",617,"Pinewood River Tributary Culverts, 6.0 km north of Hwy 11 at Stratton, Lake of the Woods",Culvert replacement,Planned,2027-2028,,0,$0 to $10 million,Design in procurement,To be determined
Rehab,2027-2028,"North, West","17, 71","West limit of Kenora westerly to Hwy 17A west connection, and 11.0 km east of Hwy 71 westerly to east limit of Kenora including Hwy 71 junction",Resurfacing,Planned,2027-2028,2026-6001,26,$25 to $100 million,Design in procurement,To be determined
Rehab,2027-2028,"North, West",17,"5.0 km west of Little Pic River Bridge westerly, east of Terrace Bay","Resurfacing, Truck climbing lane, Paved shoulders",Planned,2027-2028,,25.9,$10 to $25 million,Design upcoming,To be determined
Rehab,2027-2028,"North, West",11,"Postagoni River Culvert, 26 km west of Hwy 580, Greenstone",New bridge,Planned,2027-2028,,0,$10 to $25 million,Planning/environmental assessment complete,To be determined
Rehab,2027-2028,"North, West",619,"Pinewood River Bridge, 2 km north of Hwy 11, Dawson",Bridge rehabilitation,Planned,2027-2028,2024-6014,0,$0 to $10 million,Design underway,To be determined
Rehab,2027-2028,"North, West",17,"Revell River No. 3 Bridge, 1 km east of Hwy 622, west of Ignace",Bridge rehabilitation,Planned,2027-2028,2026-6002,0,$0 to $10 million,Design underway,To be determined
Rehab,2027-2028,"North, West",11,"6.0 km east of Hwy 102 easterly, Thunder Bay, Shuniah","Resurfacing, Paved shoulders",Planned,2027-2028,2026-6003,29.3,$0 to $10 million,Planning/environmental assessment upcoming,To be determined
Rehab,2027-2028,"North, West",61,"South of Hwy 130 northerly to Kaministiquia River Bridge, Oliver Paipoonge, Thunder Bay",Reconstruction,Planned,2027-2028,,14.1,$0 to $10 million,Planning/environmental assessment underway,To be determined
Rehab,2027-2028,"North, West",17,"Crocker Lake East Culvert, 8 km west of Hwy 631, west of White River",Culvert replacement,Planned,2027-2028,,0,$0 to $10 million,Planning/environmental assessment upcoming,To be determined
Rehab,2027-2028,"North, West",17,"Hwy 17, from 1.0 km east of Hwy 72 at Dinorwic westerly, Dryden",Resurfacing,Planned,2027-2028,2026-6004,30,$10 to $25 million,Design underway,To be determined
Rehab,2027-2028,"North, West",597,"Moores Creek Modular Bridge, 9 km south of Hwy 608, Neebing",Bridge replacement,Planned,2027-2028,,0,$0 to $10 million,Planning/environmental assessment upcoming,To be determined
Rehab,2027-2028,"North, West",11,"Bullrush Lake Culvert, 30 km north of Hwy 17, south of Greenstone",Culvert replacement,Planned,2027-2028,,0,$0 to $10 million,Planning/environmental assessment underway,To be determined
Rehab,2027-2028,"North, West",11,"Noden Causeway structures, 20, 21 and 22 km west of Hwy 502, east of Fort Frances",Bridge rehabilitation,Planned,2027-2028,,0,$10 to $25 million,Planning/environmental assessment upcoming,To be determined
Rehab,2027-2028,"North, West","11, 11B, 622","West of Hwy 11B easterly, Hwy 11B and Hwy 622 northerly, Atikokan","Resurfacing, Paved shoulders",Planned,2027-2028,,28.4,$10 to $25 million,Planning/environmental assessment upcoming,To be determined
Rehab,2027-2028,"North, West",808,"Pineimuta River Modular Bridge, 141 km north of Hwy 599, Central Patricia",Bridge replacement,Planned,2027-2028,2026-6007,0,$0 to $10 million,Design underway,To be determined
Rehab,2027-2028,"North, West",11,"Oskondaga River Bridge, east of Hwy 11/17 west junction at Shabaqua Corners, west of Conmee",Bridge rehabilitation,Planned,2027-2028,2026-6008,0,$0 to $10 million,Design upcoming,To be determined
Rehab,2027-2028,"North, West",582,"Bruner Creek Culvert, 5 km south of Hwy 11/17 east junction, north of Dorion",Culvert replacement,Planned,2027-2028,2026-6010,0,$0 to $10 million,Planning/environmental assessment underway,To be determined
Rehab,2027-2028,"North, West",105,"26 km north of Hwy 657 northerly, Ear Falls, north of Ear Falls",Resurfacing,Planned,2027-2028,,25.9,$10 to $25 million,Planning/environmental assessment underway,To be determined
Rehab,2027-2028,"North, West",17,"Beaver Creek Bridge, 9 km west of Hwy 605, Machin",Bridge rehabilitation,Planned,2027-2028,2026-6011,0,$0 to $10 million,Planning/environmental assessment upcoming,To be determined
Rehab,2027-2028,"North, West",17,"Little Firesteel River Bridge, 13 km west of Upsala, east of Ignace",Bridge replacement,Planned,2027-2028,,0,$0 to $10 million,Planning/environmental assessment upcoming,To be determined
Rehab,2027-2028,"North, West",17,"Gravel River Bridge, 24 km west of Rossport, east of Nipigon",Bridge rehabilitation,Planned,2027-2028,,0,$0 to $10 million,Planning/environmental assessment underway,To be determined
Rehab,2027-2028,"North, West",11,"Blackwater River Bridge westerly, Greentstone","Paved shoulders, Resurfacing",Planned,2027-2028,,29,$10 to $25 million,Planning/environmental assessment upcoming,To be determined
Rehab,2027-2028,"North, West",11,"West of Hwy 613 westerly, La Vallee, Emo, Chapple","Resurfacing, Paved shoulders",Planned,2027-2028,2026-6012,24,$10 to $25 million,Design upcoming,To be determined
Rehab,2027-2028,"North, West",17,"East of Hwy 105 at Vermilion Bay westerly, Machin",Resurfacing,Planned,2027-2028,2026-6013,35.1,$10 to $25 million,Design upcoming,To be determined
Rehab,2027-2028,"North, West",61,"Kaministiquia River Bridge, 7 km south of Hwy 11/17, Thunder Bay",Bridge rehabilitation,Planned,2027-2028,,0,$0 to $10 million,Planning/environmental assessment underway,To be determined
Rehab,2027-2028,"North, West",17,"2 km west of Hwy 614 westerly, east of Marathon","Reconstruction, Paved shoulders, Hazard rock removal, Safety improvements",Planned,2027-2028,2025-6006,20.8,$10 to $25 million,Design underway,To be determined
Rehab,2027-2028,"North, West",11,"Wolf River Bridge, 4.0 km west of Hwy 582 south junction, Dorion",Bridge rehabilitation,Planned,2027-2028,,0,$0 to $10 million,Planning/environmental assessment upcoming,To be determined
Rehab,2027-2028,"North, West",125,"Hwy 105 northerly to north limit of Cochenour, Red Lake",Reconstruction,Planned,2027-2028,,13.6,$0 to $10 million,Planning/environmental assessment underway,To be determined
Rehab,2027-2028,"North, West",71,"Nestor Falls southerly, Sioux Narrows - Nestor Falls, Chapple","Resurfacing, Paved shoulders",Planned,2027-2028,,28.6,$10 to $25 million,Planning/environmental assessment upcoming,To be determined
Rehab,2027-2028,"North, West",502,"Marguerite St. Bridge, west of Hwy 17, Dryden",Bridge rehabilitation,Planned,2027-2028,,0,$0 to $10 million,Design underway,To be determined
Rehab,2027-2028,"North, West",502,"Rattlesnake Creek Culvert, 56 km south of Hwy 594, south of Dryden",Culvert replacement,Planned,2027-2028,2027-6001,0,$0 to $10 million,Design underway,To be determined
Rehab,2027-2028,"North, West",17,"CPR and Hwy 641 overhead, west of Kenora",Bridge rehabilitation,Planned,2027-2028,,0,$0 to $10 million,Planning/environmental assessment upcoming,To be determined
Rehab,2027-2028,"North, West",17,"26 km east of Hwy 11 easterly including Dublin Creek Culvert, east of Nipigon","Realignment, Culvert replacement, Safety improvements",Planned,Not available,,1.6,$0 to $10 million,Planning/environmental assessment upcoming,To be determined
Rehab,2027-2028,"North, West",17,"2.0 km west of the junction of 17/17A westerly to Rush Bay Rd., west of Kenora",Resurfacing,Planned,2027-2028,,22,$0 to $10 million,Planning/environmental assessment upcoming,To be determined
Rehab,2027-2028,"North, West",11,"Cochrane/Thunder Bay District Boundary westerly, east of Greenstone","Resurfacing, Paved shoulders",Planned,Not available,,45.3,$10 to $25 million,Planning/environmental assessment upcoming,To be determined
Rehab,2027-2028,"North, West",595,"Pine River Bridge, west of Hwy 597, Neebing",Bridge rehabilitation,Planned,2027-2028,,0,$0 to $10 million,Design in procurement,To be determined
Rehab,2027-2028,"North, West",17,"Rest Creek Culvert, 24 km west of Raith, west of Conmee",Culvert rehabilitation,Planned,2027-2028,,0,$0 to $10 million,Planning/environmental assessment underway,To be determined
Rehab,2027-2028,"North, West",11,"Corbett Creek Culverts and McIntyre Creek Drainage Culverts,  5.0 km west of Hwy 130 and 1.0 km west of Hwy 102, Thunder Bay, Oliver Paipoonge",Culvert rehabilitation,Planned,2027-2028,,0,$0 to $10 million,Design underway,To be determined
Rehab,2027-2028,"North, West",17,"Little Pic River Bridge westerly, west of Marathon","Realignment, Truck climbing lane, Paved shoulders",Planned,2027-2028,,4.5,$10 to $25 million,Design underway,To be determined
Rehab,2027-2028,"North, West",17A,"CPR overhead, 2 km east of Hwy 671, east of Kenora",Bridge rehabilitation,Planned,2027-2028,2025-6007,0,$0 to $10 million,Planning/environmental assessment upcoming,To be determined
Rehab,2027-2028,"North, West",11,"Mine Centre westerly to Hwy 502, east of Fort Frances","Resurfacing, Paved shoulders",Planned,2027-2028,,36.4,$10 to $25 million,Planning/environmental assessment upcoming,To be determined
Rehab,2027-2028,"North, West",105,"Hwy 618 southerly, Red Lake",Reconstruction,Planned,2027-2028,2025-6025,17,$0 to $10 million,Planning/environmental assessment underway,To be determined
Rehab,2027-2028,"North, West",599,"Hwy 17 at Ignace northerly to English River Bridge, north of Ignace",Reconstruction,Planned,2027-2028,,32.5,$0 to $10 million,Planning/environmental assessment upcoming,To be determined
Rehab,2027-2028,"North, West",599,"Savant Lake CNR crossing northerly, north of Ignace",Reconstruction,Planned,2027-2028,,38,$0 to $10 million,Planning/environmental assessment upcoming,To be determined
Rehab,2027-2028,"North, West",125,"Chukuni River Bridge, 4 km east of Hwy 105, south of Balmertown, Red Lake",Bridge replacement,Planned,2027-2028,,0,$10 to $25 million,Design in procurement,To be determined
Rehab,2027-2028,"North, West",600,"Lathe Mill Culvert, west of Hwy 621, Morley",Culvert replacement,Planned,2027-2028,,0,$0 to $10 million,Planning/environmental assessment upcoming,To be determined
Rehab,2027-2028,"North, West",Not applicable,"Kasabonika Modular Bridge, Kasabonika Remote Northern Airport",Bridge replacement,Planned,2027-2028,2024-6007,0,$0 to $10 million,Design underway,To be determined
Rehab,2027-2028,"North, West",599,North limit of Mishkeegogamang First Nation northerly to Pickle Lake,Reconstruction,Planned,2027-2028,,24,$0 to $10 million,Design in procurement,To be determined
Rehab,2027-2028,"North, West","11, 584","10 km north of Geraldton northerly, Greenstone",Reconstruction,Planned,2027-2028,,27,$10 to $25 million,Planning/environmental assessment underway,To be determined
Rehab,2027-2028,"North, West",614,"Hwy 17 northerly, south of Manitouwadge",Resurfacing,Planned,2027-2028,,26,$0 to $10 million,Planning/environmental assessment upcoming,To be determined
Rehab,2027-2028,"North, West",808,"Otoskwin River Bridge, 60 km north of Hwy 599, north of Pickle Lake",Bridge replacement,Planned,2027-2028,,0,$10 to $25 million,Planning/environmental assessment upcoming,To be determined
Rehab,2027-2028,"North, West",17,"13 km west of Upsala westerly, east of Ignace","Resurfacing, Paved shoulders",Planned,2027-2028,,35.3,$10 to $25 million,Planning/environmental assessment upcoming,To be determined
Rehab,2027-2028,"North, West",811,"Mooseland River Bridge, 31 km west of Hwy 527, north of Thunder Bay",Bridge rehabilitation,Planned,2027-2028,,0,$0 to $10 million,Planning/environmental assessment upcoming,To be determined
Rehab,2027-2028,"North, West",17,"Ruby and Fire Hill Creek Culverts, 4 and 10 km east of Hwy 11, east of Nipigon",Culvert rehabilitation,Planned,2027-2028,,0,$0 to $10 million,Design underway,To be determined
